metadata_id,devicename,device_id,source_platform,patient_id,file_name,file_format,file_upload_date,data_start_date,data_end_date,study_id,tenant_id,map_field_of_cgm_date,map_field_of_cgm_value,map_field_of_patient_id
MD-001,DEXCOM G4 or G5,,,DCLP1-001-001,cgm_tracing,csv,,2017-11-02,2018-02-23,DCLP1,UVA001,Date_Time,CGM_Value,SID
MD-002,DEXCOM G6,,,DCLP1-001-002,cgm_tracing,csv,,2017-11-04,2018-02-21,DCLP1,UVA001,Date_Time,CGM_Value,SID
MD-003,DEXCOM G6,,,DCLP1-001-003,cgm_tracing,csv,,2017-11-17,2018-03-16,DCLP1,UVA001,Date_Time,CGM_Value,SID
MD-004,DEXCOM G4 or G5,,,DCLP1-001-004,cgm_tracing,csv,,2017-11-17,2018-03-16,DCLP1,UVA001,Date_Time,CGM_Value,SID
MD-005,DEXCOM G4 or G5,,,DCLP1-001-005,cgm_tracing,csv,,2017-11-27,2018-03-06,DCLP1,UVA001,Date_Time,CGM_Value,SID
MD-006,DEXCOM G6,,,DCLP1-001-006,cgm_tracing,csv,,2017-12-13,2018-04-12,DCLP1,UVA001,Date_Time,CGM_Value,SID
MD-007,DEXCOM G6,,,DCLP1-001-007,cgm_tracing,csv,,2017-11-28,2018-03-14,DCLP1,UVA001,Date_Time,CGM_Value,SID
MD-008,DEXCOM G4 or G5,,,DCLP1-001-008,cgm_tracing,csv,,2017-11-29,2018-03-12,DCLP1,UVA001,Date_Time,CGM_Value,SID
MD-009,DEXCOM G4 or G5,,,DCLP1-001-009,cgm_tracing,csv,,2018-01-11,2018-05-17,DCLP1,UVA001,Date_Time,CGM_Value,SID
MD-010,DEXCOM G6,,,DCLP1-001-011,cgm_tracing,csv,,2018-01-13,2018-01-27,DCLP1,UVA001,Date_Time,CGM_Value,SID
MD-011,DEXCOM G4 or G5,,,DCLP1-001-012,cgm_tracing,csv,,2018-01-16,2018-05-03,DCLP1,UVA001,Date_Time,CGM_Value,SID
MD-012,DEXCOM G4 or G5,,,DCLP1-001-013,cgm_tracing,csv,,2018-01-18,2018-05-11,DCLP1,UVA001,Date_Time,CGM_Value,SID
MD-013,DEXCOM G6,,,DCLP1-001-014,cgm_tracing,csv,,2018-01-24,2018-04-28,DCLP1,UVA001,Date_Time,CGM_Value,SID
MD-014,DEXCOM G4 or G5,,,DCLP1-001-015,cgm_tracing,csv,,2018-02-09,2018-06-13,DCLP1,UVA001,Date_Time,CGM_Value,SID
MD-015,DEXCOM G4 or G5,,,DCLP1-001-016,cgm_tracing,csv,,2018-02-09,2018-06-04,DCLP1,UVA001,Date_Time,CGM_Value,SID
MD-016,DEXCOM G6,,,DCLP1-001-017,cgm_tracing,csv,,2018-02-09,2018-06-01,DCLP1,UVA001,Date_Time,CGM_Value,SID
MD-017,DEXCOM G6,,,DCLP1-001-018,cgm_tracing,csv,,2018-01-25,2018-05-11,DCLP1,UVA001,Date_Time,CGM_Value,SID
MD-018,DEXCOM G6,,,DCLP1-001-019,cgm_tracing,csv,,2018-02-02,2018-05-11,DCLP1,UVA001,Date_Time,CGM_Value,SID
MD-019,DEXCOM G4 or G5,,,DCLP1-001-020,cgm_tracing,csv,,2018-02-01,2018-05-25,DCLP1,UVA001,Date_Time,CGM_Value,SID
MD-020,DEXCOM G6,,,DCLP1-002-001,cgm_tracing,csv,,2017-11-14,2018-03-02,DCLP1,UVA001,Date_Time,CGM_Value,SID
MD-021,DEXCOM G6,,,DCLP1-002-002,cgm_tracing,csv,,2017-11-14,2018-02-27,DCLP1,UVA001,Date_Time,CGM_Value,SID
MD-022,DEXCOM G4 or G5,,,DCLP1-002-003,cgm_tracing,csv,,2017-11-19,2018-03-02,DCLP1,UVA001,Date_Time,CGM_Value,SID
MD-023,DEXCOM G4 or G5,,,DCLP1-002-004,cgm_tracing,csv,,2017-11-20,2018-03-02,DCLP1,UVA001,Date_Time,CGM_Value,SID
MD-024,DEXCOM G4 or G5,,,DCLP1-002-005,cgm_tracing,csv,,2017-11-22,2018-03-12,DCLP1,UVA001,Date_Time,CGM_Value,SID
MD-025,DEXCOM G4 or G5,,,DCLP1-002-006,cgm_tracing,csv,,2017-12-14,2018-05-14,DCLP1,UVA001,Date_Time,CGM_Value,SID
MD-026,DEXCOM G6,,,DCLP1-002-007,cgm_tracing,csv,,2017-12-04,2018-03-19,DCLP1,UVA001,Date_Time,CGM_Value,SID
MD-027,DEXCOM G6,,,DCLP1-002-008,cgm_tracing,csv,,2018-01-16,2018-05-08,DCLP1,UVA001,Date_Time,CGM_Value,SID
MD-028,DEXCOM G6,,,DCLP1-002-009,cgm_tracing,csv,,2018-01-03,2018-05-31,DCLP1,UVA001,Date_Time,CGM_Value,SID
MD-029,DEXCOM G6,,,DCLP1-002-010,cgm_tracing,csv,,2017-12-23,2018-04-06,DCLP1,UVA001,Date_Time,CGM_Value,SID
MD-030,DEXCOM G4 or G5,,,DCLP1-002-011,cgm_tracing,csv,,2017-12-27,2018-04-12,DCLP1,UVA001,Date_Time,CGM_Value,SID
MD-031,DEXCOM G6,,,DCLP1-002-012,cgm_tracing,csv,,2018-01-10,2018-05-01,DCLP1,UVA001,Date_Time,CGM_Value,SID
MD-032,DEXCOM G6,,,DCLP1-002-013,cgm_tracing,csv,,2018-02-05,2018-06-11,DCLP1,UVA001,Date_Time,CGM_Value,SID
MD-033,DEXCOM G6,,,DCLP1-002-014,cgm_tracing,csv,,2018-02-09,2018-06-14,DCLP1,UVA001,Date_Time,CGM_Value,SID
MD-034,DEXCOM G4 or G5,,,DCLP1-002-015,cgm_tracing,csv,,2018-02-01,2018-05-16,DCLP1,UVA001,Date_Time,CGM_Value,SID
MD-035,DEXCOM G4 or G5,,,DCLP1-002-016,cgm_tracing,csv,,2018-02-14,2018-06-06,DCLP1,UVA001,Date_Time,CGM_Value,SID
MD-036,DEXCOM G4 or G5,,,DCLP1-002-017,cgm_tracing,csv,,2018-03-20,2018-07-19,DCLP1,UVA001,Date_Time,CGM_Value,SID
MD-037,DEXCOM G4 or G5,,,DCLP1-002-018,cgm_tracing,csv,,2018-03-20,2018-07-20,DCLP1,UVA001,Date_Time,CGM_Value,SID
MD-038,DEXCOM G4 or G5,,,DCLP1-003-001,cgm_tracing,csv,,2017-11-14,2018-03-19,DCLP1,UVA001,Date_Time,CGM_Value,SID
MD-039,DEXCOM G6,,,DCLP1-003-002,cgm_tracing,csv,,2017-11-17,2018-03-16,DCLP1,UVA001,Date_Time,CGM_Value,SID
MD-040,DEXCOM G4 or G5,,,DCLP1-003-003,cgm_tracing,csv,,2017-11-03,2018-02-16,DCLP1,UVA001,Date_Time,CGM_Value,SID
MD-041,DEXCOM G6,,,DCLP1-003-004,cgm_tracing,csv,,2017-11-06,2018-02-20,DCLP1,UVA001,Date_Time,CGM_Value,SID
MD-042,DEXCOM G6,,,DCLP1-003-005,cgm_tracing,csv,,2017-11-13,2018-03-01,DCLP1,UVA001,Date_Time,CGM_Value,SID
MD-043,DEXCOM G4 or G5,,,DCLP1-003-006,cgm_tracing,csv,,2017-11-15,2018-03-01,DCLP1,UVA001,Date_Time,CGM_Value,SID
MD-044,DEXCOM G6,,,DCLP1-003-007,cgm_tracing,csv,,2017-11-17,2018-03-01,DCLP1,UVA001,Date_Time,CGM_Value,SID
MD-045,DEXCOM G6,,,DCLP1-003-008,cgm_tracing,csv,,2017-12-04,2018-04-10,DCLP1,UVA001,Date_Time,CGM_Value,SID
MD-046,DEXCOM G4 or G5,,,DCLP1-003-009,cgm_tracing,csv,,2017-11-21,2018-03-08,DCLP1,UVA001,Date_Time,CGM_Value,SID
MD-047,DEXCOM G4 or G5,,,DCLP1-003-010,cgm_tracing,csv,,2017-12-07,2018-03-30,DCLP1,UVA001,Date_Time,CGM_Value,SID
MD-048,DEXCOM G4 or G5,,,DCLP1-003-011,cgm_tracing,csv,,2017-11-23,2018-03-08,DCLP1,UVA001,Date_Time,CGM_Value,SID
MD-049,DEXCOM G6,,,DCLP1-003-012,cgm_tracing,csv,,2017-12-02,2018-03-16,DCLP1,UVA001,Date_Time,CGM_Value,SID
MD-050,DEXCOM G6,,,DCLP1-003-013,cgm_tracing,csv,,2017-12-22,2018-04-24,DCLP1,UVA001,Date_Time,CGM_Value,SID
MD-051,DEXCOM G4 or G5,,,DCLP1-003-014,cgm_tracing,csv,,2018-01-03,2018-05-03,DCLP1,UVA001,Date_Time,CGM_Value,SID
MD-052,DEXCOM G4 or G5,,,DCLP1-003-015,cgm_tracing,csv,,2018-01-19,2018-05-23,DCLP1,UVA001,Date_Time,CGM_Value,SID
MD-053,DEXCOM G6,,,DCLP1-003-016,cgm_tracing,csv,,2018-01-25,2018-05-10,DCLP1,UVA001,Date_Time,CGM_Value,SID
MD-054,DEXCOM G4 or G5,,,DCLP1-003-017,cgm_tracing,csv,,2018-02-20,2018-06-19,DCLP1,UVA001,Date_Time,CGM_Value,SID
MD-055,DEXCOM G6,,,DCLP1-003-019,cgm_tracing,csv,,2018-02-24,2018-06-11,DCLP1,UVA001,Date_Time,CGM_Value,SID
MD-056,DEXCOM G4 or G5,,,DCLP1-004-001,cgm_tracing,csv,,2017-11-03,2018-02-22,DCLP1,UVA001,Date_Time,CGM_Value,SID
MD-057,DEXCOM G6,,,DCLP1-004-002,cgm_tracing,csv,,2017-11-02,2018-02-12,DCLP1,UVA001,Date_Time,CGM_Value,SID
MD-058,DEXCOM G6,,,DCLP1-004-003,cgm_tracing,csv,,2017-11-06,2018-02-14,DCLP1,UVA001,Date_Time,CGM_Value,SID
MD-059,DEXCOM G6,,,DCLP1-004-004,cgm_tracing,csv,,2017-11-13,2018-02-22,DCLP1,UVA001,Date_Time,CGM_Value,SID
MD-060,DEXCOM G4 or G5,,,DCLP1-004-005,cgm_tracing,csv,,2017-11-15,2018-02-22,DCLP1,UVA001,Date_Time,CGM_Value,SID
MD-061,DEXCOM G4 or G5,,,DCLP1-004-006,cgm_tracing,csv,,2017-11-20,2018-03-05,DCLP1,UVA001,Date_Time,CGM_Value,SID
MD-062,DEXCOM G4 or G5,,,DCLP1-004-007,cgm_tracing,csv,,2017-12-15,2018-05-02,DCLP1,UVA001,Date_Time,CGM_Value,SID
MD-063,DEXCOM G6,,,DCLP1-004-008,cgm_tracing,csv,,2017-12-14,2018-04-12,DCLP1,UVA001,Date_Time,CGM_Value,SID
MD-064,DEXCOM G4 or G5,,,DCLP1-004-009,cgm_tracing,csv,,2017-11-30,2018-03-16,DCLP1,UVA001,Date_Time,CGM_Value,SID
MD-065,DEXCOM G6,,,DCLP1-004-010,cgm_tracing,csv,,2017-12-03,2018-03-22,DCLP1,UVA001,Date_Time,CGM_Value,SID
MD-066,DEXCOM G6,,,DCLP1-004-011,cgm_tracing,csv,,2017-12-20,2018-04-23,DCLP1,UVA001,Date_Time,CGM_Value,SID
MD-067,DEXCOM G6,,,DCLP1-004-012,cgm_tracing,csv,,2018-01-02,2018-05-21,DCLP1,UVA001,Date_Time,CGM_Value,SID
MD-068,DEXCOM G4 or G5,,,DCLP1-004-013,cgm_tracing,csv,,2017-12-21,2018-03-28,DCLP1,UVA001,Date_Time,CGM_Value,SID
MD-069,DEXCOM G4 or G5,,,DCLP1-004-014,cgm_tracing,csv,,2017-12-25,2018-04-17,DCLP1,UVA001,Date_Time,CGM_Value,SID
MD-070,DEXCOM G4 or G5,,,DCLP1-004-015,cgm_tracing,csv,,2018-01-11,2018-05-11,DCLP1,UVA001,Date_Time,CGM_Value,SID
MD-071,DEXCOM G6,,,DCLP1-004-016,cgm_tracing,csv,,2018-02-01,2018-05-22,DCLP1,UVA001,Date_Time,CGM_Value,SID
MD-072,DEXCOM G6,,,DCLP1-004-017,cgm_tracing,csv,,2018-02-21,2018-07-02,DCLP1,UVA001,Date_Time,CGM_Value,SID
MD-073,DEXCOM G4 or G5,,,DCLP1-004-018,cgm_tracing,csv,,2018-02-22,2018-06-27,DCLP1,UVA001,Date_Time,CGM_Value,SID
MD-074,DEXCOM G6,,,DCLP1-005-001,cgm_tracing,csv,,2017-11-03,2018-02-21,DCLP1,UVA001,Date_Time,CGM_Value,SID
MD-075,DEXCOM G6,,,DCLP1-005-002,cgm_tracing,csv,,2017-11-21,2018-03-20,DCLP1,UVA001,Date_Time,CGM_Value,SID
MD-076,DEXCOM G4 or G5,,,DCLP1-005-003,cgm_tracing,csv,,2017-11-08,2018-02-21,DCLP1,UVA001,Date_Time,CGM_Value,SID
MD-077,DEXCOM G6,,,DCLP1-005-004,cgm_tracing,csv,,2017-11-24,2018-03-23,DCLP1,UVA001,Date_Time,CGM_Value,SID
MD-078,DEXCOM G6,,,DCLP1-005-005,cgm_tracing,csv,,2017-12-02,2018-03-30,DCLP1,UVA001,Date_Time,CGM_Value,SID
MD-079,DEXCOM G6,,,DCLP1-005-006,cgm_tracing,csv,,2017-12-14,2018-05-11,DCLP1,UVA001,Date_Time,CGM_Value,SID
MD-080,DEXCOM G4 or G5,,,DCLP1-005-007,cgm_tracing,csv,,2017-12-04,2018-03-29,DCLP1,UVA001,Date_Time,CGM_Value,SID
MD-081,DEXCOM G4 or G5,,,DCLP1-005-008,cgm_tracing,csv,,2017-12-03,2018-03-30,DCLP1,UVA001,Date_Time,CGM_Value,SID
MD-082,DEXCOM G4 or G5,,,DCLP1-005-009,cgm_tracing,csv,,2017-12-05,2018-03-23,DCLP1,UVA001,Date_Time,CGM_Value,SID
MD-083,DEXCOM G6,,,DCLP1-005-010,cgm_tracing,csv,,2017-12-18,2018-04-03,DCLP1,UVA001,Date_Time,CGM_Value,SID
MD-084,DEXCOM G4 or G5,,,DCLP1-005-011,cgm_tracing,csv,,2017-12-24,2018-04-09,DCLP1,UVA001,Date_Time,CGM_Value,SID
MD-085,DEXCOM G4 or G5,,,DCLP1-005-012,cgm_tracing,csv,,2017-12-25,2018-05-09,DCLP1,UVA001,Date_Time,CGM_Value,SID
MD-086,DEXCOM G6,,,DCLP1-005-013,cgm_tracing,csv,,2018-02-06,2018-06-08,DCLP1,UVA001,Date_Time,CGM_Value,SID
MD-087,DEXCOM G6,,,DCLP1-005-014,cgm_tracing,csv,,2018-01-23,2018-05-11,DCLP1,UVA001,Date_Time,CGM_Value,SID
MD-088,DEXCOM G6,,,DCLP1-005-015,cgm_tracing,csv,,2018-02-22,2018-06-22,DCLP1,UVA001,Date_Time,CGM_Value,SID
MD-089,DEXCOM G4 or G5,,,DCLP1-005-016,cgm_tracing,csv,,2018-02-08,2018-05-25,DCLP1,UVA001,Date_Time,CGM_Value,SID
MD-090,DEXCOM G4 or G5,,,DCLP1-005-017,cgm_tracing,csv,,2018-02-28,2018-06-27,DCLP1,UVA001,Date_Time,CGM_Value,SID
MD-091,DEXCOM G4 or G5,,,DCLP1-005-018,cgm_tracing,csv,,2018-02-14,2018-05-31,DCLP1,UVA001,Date_Time,CGM_Value,SID
MD-092,DEXCOM G4 or G5,,,DCLP1-006-001,cgm_tracing,csv,,2017-11-07,2018-02-16,DCLP1,UVA001,Date_Time,CGM_Value,SID
MD-093,DEXCOM G6,,,DCLP1-006-002,cgm_tracing,csv,,2017-11-15,2018-02-22,DCLP1,UVA001,Date_Time,CGM_Value,SID
MD-094,DEXCOM G6,,,DCLP1-006-003,cgm_tracing,csv,,2017-12-07,2018-04-12,DCLP1,UVA001,Date_Time,CGM_Value,SID
MD-095,DEXCOM G6,,,DCLP1-006-004,cgm_tracing,csv,,2017-11-24,2018-03-15,DCLP1,UVA001,Date_Time,CGM_Value,SID
MD-096,DEXCOM G4 or G5,,,DCLP1-006-005,cgm_tracing,csv,,2017-11-23,2018-03-08,DCLP1,UVA001,Date_Time,CGM_Value,SID
MD-097,DEXCOM G4 or G5,,,DCLP1-006-006,cgm_tracing,csv,,2017-12-07,2018-02-28,DCLP1,UVA001,Date_Time,CGM_Value,SID
MD-098,DEXCOM G4 or G5,,,DCLP1-006-008,cgm_tracing,csv,,2017-12-22,2018-04-20,DCLP1,UVA001,Date_Time,CGM_Value,SID
MD-099,DEXCOM G4 or G5,,,DCLP1-006-009,cgm_tracing,csv,,2017-12-28,2018-05-09,DCLP1,UVA001,Date_Time,CGM_Value,SID
MD-100,DEXCOM G6,,,DCLP1-006-010,cgm_tracing,csv,,2018-02-01,2018-06-01,DCLP1,UVA001,Date_Time,CGM_Value,SID
MD-101,DEXCOM G6,,,DCLP1-006-011,cgm_tracing,csv,,2018-02-08,2018-06-11,DCLP1,UVA001,Date_Time,CGM_Value,SID
MD-102,DEXCOM G4 or G5,,,DCLP1-006-012,cgm_tracing,csv,,2018-02-12,2018-06-05,DCLP1,UVA001,Date_Time,CGM_Value,SID
MD-103,DEXCOM G6,,,DCLP1-006-013,cgm_tracing,csv,,2018-02-16,2018-06-22,DCLP1,UVA001,Date_Time,CGM_Value,SID
MD-104,DEXCOM G6,,,DCLP1-006-014,cgm_tracing,csv,,2018-02-16,2018-06-16,DCLP1,UVA001,Date_Time,CGM_Value,SID
MD-105,DEXCOM G4 or G5,,,DCLP1-006-015,cgm_tracing,csv,,2018-02-16,2018-06-25,DCLP1,UVA001,Date_Time,CGM_Value,SID
MD-106,DEXCOM G4 or G5,,,DCLP1-006-016,cgm_tracing,csv,,2018-02-26,2018-06-23,DCLP1,UVA001,Date_Time,CGM_Value,SID
MD-107,DEXCOM G4 or G5,,,DCLP1-006-017,cgm_tracing,csv,,2018-03-08,2018-06-28,DCLP1,UVA001,Date_Time,CGM_Value,SID
MD-108,DEXCOM G6,,,DCLP1-006-019,cgm_tracing,csv,,2018-03-12,2018-07-06,DCLP1,UVA001,Date_Time,CGM_Value,SID
MD-109,DEXCOM G6,,,DCLP1-006-020,cgm_tracing,csv,,2018-03-08,2018-06-22,DCLP1,UVA001,Date_Time,CGM_Value,SID
MD-110,DEXCOM G6,,,DCLP1-007-001,cgm_tracing,csv,,2017-11-12,2018-03-12,DCLP1,UVA001,Date_Time,CGM_Value,SID
MD-111,DEXCOM G6,,,DCLP1-007-002,cgm_tracing,csv,,2017-11-19,2018-03-13,DCLP1,UVA001,Date_Time,CGM_Value,SID
MD-112,DEXCOM G4 or G5,,,DCLP1-007-003,cgm_tracing,csv,,2017-12-23,2018-03-16,DCLP1,UVA001,Date_Time,CGM_Value,SID
MD-113,DEXCOM G6,,,DCLP1-007-004,cgm_tracing,csv,,2017-12-04,2018-05-01,DCLP1,UVA001,Date_Time,CGM_Value,SID
MD-114,DEXCOM G4 or G5,,,DCLP1-007-006,cgm_tracing,csv,,2017-12-06,2018-05-04,DCLP1,UVA001,Date_Time,CGM_Value,SID
MD-115,DEXCOM G4 or G5,,,DCLP1-007-007,cgm_tracing,csv,,2017-12-07,2018-04-17,DCLP1,UVA001,Date_Time,CGM_Value,SID
MD-116,DEXCOM G4 or G5,,,DCLP1-007-008,cgm_tracing,csv,,2017-12-07,2018-05-25,DCLP1,UVA001,Date_Time,CGM_Value,SID
MD-117,DEXCOM G6,,,DCLP1-007-009,cgm_tracing,csv,,2017-12-27,2018-05-14,DCLP1,UVA001,Date_Time,CGM_Value,SID
MD-118,DEXCOM G4 or G5,,,DCLP1-007-010,cgm_tracing,csv,,2018-01-23,2018-05-30,DCLP1,UVA001,Date_Time,CGM_Value,SID
MD-119,DEXCOM G4 or G5,,,DCLP1-007-011,cgm_tracing,csv,,2018-01-26,2018-02-08,DCLP1,UVA001,Date_Time,CGM_Value,SID
MD-120,DEXCOM G6,,,DCLP1-007-012,cgm_tracing,csv,,2018-02-12,2018-06-21,DCLP1,UVA001,Date_Time,CGM_Value,SID
MD-121,DEXCOM G6,,,DCLP1-007-013,cgm_tracing,csv,,2018-02-09,2018-06-15,DCLP1,UVA001,Date_Time,CGM_Value,SID
MD-122,DEXCOM G6,,,DCLP1-007-014,cgm_tracing,csv,,2018-03-09,2018-07-18,DCLP1,UVA001,Date_Time,CGM_Value,SID
MD-123,DEXCOM G4 or G5,,,DCLP1-007-015,cgm_tracing,csv,,2018-03-14,2018-07-25,DCLP1,UVA001,Date_Time,CGM_Value,SID
MD-124,DEXCOM G4 or G5,,,DCLP1-007-016,cgm_tracing,csv,,2018-03-12,2018-07-05,DCLP1,UVA001,Date_Time,CGM_Value,SID
MD-125,DEXCOM G6,,,DCLP1-007-017,cgm_tracing,csv,,2018-02-28,2018-06-28,DCLP1,UVA001,Date_Time,CGM_Value,SID
MD-126,DEXCOM G4 or G5,,,DCLP1-007-018,cgm_tracing,csv,,2018-04-23,2018-08-08,DCLP1,UVA001,Date_Time,CGM_Value,SID
MD-127,DEXCOM G4 or G5,,,DCLP1-007-019,cgm_tracing,csv,,2018-03-03,2018-07-05,DCLP1,UVA001,Date_Time,CGM_Value,SID