investigator_id,investigator_name,email,institution_id,study_id,tenant_id
INV-001,Boris Kovatchev,boris_kovatchev_001@example.com,INST-001,DCLP1,UVA001
INV-002,Stacey M. Anderson,stacey_m_anderson_002@example.com,INST-001,DCLP1,UVA001
INV-003,Dan Raghinaru,dan_raghinaru_003@example.com,INST-001,DCLP1,UVA001
INV-004,Yogish C. Kudva,yogish_c_kudva_004@example.com,INST-001,DCLP1,UVA001
INV-005,Lori M. Laffel,lori_m_laffel_005@example.com,INST-001,DCLP1,UVA001
INV-006,Carol Levy,carol_levy_006@example.com,INST-001,DCLP1,UVA001
INV-007,Jordan E. Pinsker,jordan_e_pinsker_007@example.com,INST-001,DCLP1,UVA001
INV-008,R. Paul Wadwa,r_paul_wadwa_008@example.com,INST-001,DCLP1,UVA001
INV-009,Bruce Buckingham,bruce_buckingham_009@example.com,INST-001,DCLP1,UVA001
INV-010,Francis J. Doyle III,francis_j_doyle_010@example.com,INST-001,DCLP1,UVA001
INV-011,Sue A. Brown,sue_a_brown_011@example.com,INST-001,DCLP1,UVA001
INV-012,Mei Mei Church,mei_mei_church_012@example.com,INST-001,DCLP1,UVA001
INV-013,Vikash Dadlani,vikash_dadlani_013@example.com,INST-001,DCLP1,UVA001
INV-014,Eyal Dassau,eyal_dassau_014@example.com,INST-001,DCLP1,UVA001
INV-015,Laya Ekhlaspour,laya_ekhlaspour_015@example.com,INST-001,DCLP1,UVA001
INV-016,Gregory P. Forlenza,gregory_p_forlenza_016@example.com,INST-001,DCLP1,UVA001
INV-017,Elvira Isganaitis,elvira_isganaitis_017@example.com,INST-001,DCLP1,UVA001
INV-018,David W. Lam,david_w_lam_018@example.com,INST-001,DCLP1,UVA001
INV-019,John Lum,john_lum_019@example.com,INST-001,DCLP1,UVA001
INV-020,Roy W. Beck,roy_w_beck_020@example.com,INST-001,DCLP1,UVA001