author_id,name,email,investigator_id,study_id,tenant_id
AUTH-001,Boris P Kovatchev,boris_kovatchev_001@example.com,INV-001,NTLT,UVA001
AUTH-006,Laura Kollar,laura_kollar_022@example.com,INV-022,NTLT,UVA001
AUTH-002,Stacey M Anderson,stacey_m_anderson_002@example.com,INV-002,NTLT,UVA001
AUTH-007,Charlotte Barnett,charlotte_barnett_023@example.com,INV-023,NTLT,UVA001
AUTH-008,Marc D Breton,marc_d_breton_024@example.com,INV-024,NTLT,UVA001
AUTH-009,Kelly Carr,kelly_carr_025@example.com,INV-025,NTLT,UVA001
AUTH-010,Rachel Gildersleeve,rachel_glidersleeve_026@example.com,INV-026,NTLT,UVA001
AUTH-011,Mary C Oliveri,mary_c_oliveri_027@example.com,INV-027,NTLT,UVA001
AUTH-012,Christian A Wakeman,christain_a_wakeman@example.com,INV-028,NTLT,UVA001
AUTH-004,Sue A Brown,sue_a_brown_011@example.com,INV-011,NTLT,UVA001