study_id,study_name,start_date,end_date,treatment_modalities,funding_source,nct_number,study_description,tenant_id
NTLT,"Evening and overnight closed-loop control versus 
24/7 continuous closed-loop control for type 1 diabetes: 
a randomised crossover trial",2016-04-21,2018-06-01,,"National Institutes of Health/National,UVA001
Institute of Diabetes and Digestive and Kidney Disease (grant no,UVA001
RO1 DK 085623) Roche,,UVA001
Tandem Diabetes Care, and  Dexcom R&D Charlottesville",NCT02679287,"Automated closed-loop control delivery of insulin, also known as the artificial pancreas, is emerging as a 
treatment option for type 1 diabetes, which is considered generally superior to sensor-augmented insulin pump 
therapy. Evening and overnight closed-loop control might account for most of the benefits of 24/7 continuous closedloop control; however, to our knowledge, no direct comparison of these systems has yet been done. In this study, we 
sought to compare different configurations of a closed-loop control system with activation of automated insulin 
delivery during the evening and overnight hours compared with continuous 24/7 closed-loop control, and both 
treatment modalities compared with sensor-augmented insulin pump use.",UVA001