metadata_id,devicename,device_id,source_platform,patient_id,file_name,file_format,file_upload_date,data_start_date,data_end_date,study_id,tenant_id,map_field_of_cgm_date,map_field_of_cgm_value,map_field_of_patient_id
MD-296,Dexcom G5,,,DSS1-49101,cgm_tracing,csv,,2017-06-17,2017-09-09,DSS1,UVA001,Date_Time,CGM_Value,SID
MD-297,Dexcom G5,,,DSS1-49103,cgm_tracing,csv,,2017-06-16,2017-09-08,DSS1,UVA001,Date_Time,CGM_Value,SID
MD-298,Dexcom G5,,,DSS1-49104,cgm_tracing,csv,,2017-07-20,2017-10-12,DSS1,UVA001,Date_Time,CGM_Value,SID
MD-299,Dexcom G5,,,DSS1-49105,cgm_tracing,csv,,2017-09-24,2017-12-17,DSS1,UVA001,Date_Time,CGM_Value,SID
MD-300,Dexcom G5,,,DSS1-49107,cgm_tracing,csv,,2017-07-21,2017-10-20,DSS1,UVA001,Date_Time,CGM_Value,SID
MD-301,Dexcom G5,,,DSS1-49108,cgm_tracing,csv,,2017-07-11,2017-09-21,DSS1,UVA001,Date_Time,CGM_Value,SID
MD-302,Dexcom G5,,,DSS1-49109,cgm_tracing,csv,,2017-08-23,2017-11-15,DSS1,UVA001,Date_Time,CGM_Value,SID
MD-303,Dexcom G5,,,DSS1-49111,cgm_tracing,csv,,2017-10-04,2018-01-02,DSS1,UVA001,Date_Time,CGM_Value,SID
MD-304,Dexcom G5,,,DSS1-49112,cgm_tracing,csv,,2017-08-17,2017-11-09,DSS1,UVA001,Date_Time,CGM_Value,SID
MD-305,Dexcom G5,,,DSS1-49115,cgm_tracing,csv,,2017-10-05,2018-01-03,DSS1,UVA001,Date_Time,CGM_Value,SID
MD-306,Dexcom G5,,,DSS1-49116,cgm_tracing,csv,,2017-10-03,2017-12-29,DSS1,UVA001,Date_Time,CGM_Value,SID
MD-307,Dexcom G5,,,DSS1-49118,cgm_tracing,csv,,2017-10-07,2017-12-02,DSS1,UVA001,Date_Time,CGM_Value,SID
MD-308,Dexcom G5,,,DSS1-49119,cgm_tracing,csv,,2017-09-27,2018-01-01,DSS1,UVA001,Date_Time,CGM_Value,SID
MD-309,Dexcom G5,,,DSS1-49120,cgm_tracing,csv,,2017-11-10,2018-02-08,DSS1,UVA001,Date_Time,CGM_Value,SID
MD-310,Dexcom G5,,,DSS1-49121,cgm_tracing,csv,,2017-11-09,2018-02-05,DSS1,UVA001,Date_Time,CGM_Value,SID
MD-311,Dexcom G5,,,DSS1-49122,cgm_tracing,csv,,2018-09-27,2018-12-27,DSS1,UVA001,Date_Time,CGM_Value,SID
MD-312,Dexcom G5,,,DSS1-49123,cgm_tracing,csv,,2017-11-15,2018-02-14,DSS1,UVA001,Date_Time,CGM_Value,SID
MD-313,Dexcom G5,,,DSS1-49126,cgm_tracing,csv,,2018-01-02,2018-03-13,DSS1,UVA001,Date_Time,CGM_Value,SID
MD-314,Dexcom G5,,,DSS1-49127,cgm_tracing,csv,,2018-03-16,2018-06-22,DSS1,UVA001,Date_Time,CGM_Value,SID
MD-315,Dexcom G5,,,DSS1-49130,cgm_tracing,csv,,2018-03-29,2018-06-28,DSS1,UVA001,Date_Time,CGM_Value,SID
MD-316,Dexcom G5,,,DSS1-49132,cgm_tracing,csv,,2018-05-21,2018-08-21,DSS1,UVA001,Date_Time,CGM_Value,SID
MD-317,Dexcom G5,,,DSS1-49133,cgm_tracing,csv,,2018-07-06,2018-10-02,DSS1,UVA001,Date_Time,CGM_Value,SID
MD-318,Dexcom G5,,,DSS1-49136,cgm_tracing,csv,,2018-07-06,2018-10-05,DSS1,UVA001,Date_Time,CGM_Value,SID
MD-319,Dexcom G5,,,DSS1-49137,cgm_tracing,csv,,2018-07-01,2018-09-23,DSS1,UVA001,Date_Time,CGM_Value,SID
MD-320,Dexcom G5,,,DSS1-49139,cgm_tracing,csv,,2018-08-15,2018-11-09,DSS1,UVA001,Date_Time,CGM_Value,SID
MD-321,Dexcom G5,,,DSS1-49140,cgm_tracing,csv,,2018-07-19,2018-10-08,DSS1,UVA001,Date_Time,CGM_Value,SID
MD-322,Dexcom G5,,,DSS1-49146,cgm_tracing,csv,,2018-08-23,2018-11-20,DSS1,UVA001,Date_Time,CGM_Value,SID
MD-323,Dexcom G5,,,DSS1-49147,cgm_tracing,csv,,2018-09-26,2018-12-13,DSS1,UVA001,Date_Time,CGM_Value,SID
MD-324,Dexcom G5,,,DSS1-49148,cgm_tracing,csv,,2018-10-23,2019-01-18,DSS1,UVA001,Date_Time,CGM_Value,SID
MD-325,Dexcom G5,,,DSS1-49150,cgm_tracing,csv,,2018-11-19,2019-02-19,DSS1,UVA001,Date_Time,CGM_Value,SID
MD-326,Dexcom G5,,,DSS1-49153,cgm_tracing,csv,,2018-11-29,2019-03-05,DSS1,UVA001,Date_Time,CGM_Value,SID
MD-327,Dexcom G5,,,DSS1-49154,cgm_tracing,csv,,2018-12-15,2019-01-22,DSS1,UVA001,Date_Time,CGM_Value,SID
MD-328,Dexcom G5,,,DSS1-49155,cgm_tracing,csv,,2018-12-14,2019-03-12,DSS1,UVA001,Date_Time,CGM_Value,SID
MD-329,Dexcom G5,,,DSS1-49401,cgm_tracing,csv,,2017-07-26,2017-11-05,DSS1,UVA001,Date_Time,CGM_Value,SID
MD-330,Dexcom G5,,,DSS1-49403,cgm_tracing,csv,,2017-07-17,2017-10-09,DSS1,UVA001,Date_Time,CGM_Value,SID
MD-331,Dexcom G5,,,DSS1-49404,cgm_tracing,csv,,2017-09-06,2017-11-09,DSS1,UVA001,Date_Time,CGM_Value,SID
MD-332,Dexcom G5,,,DSS1-49405,cgm_tracing,csv,,2017-09-06,2017-12-06,DSS1,UVA001,Date_Time,CGM_Value,SID
MD-333,Dexcom G5,,,DSS1-49407,cgm_tracing,csv,,2017-10-09,2017-12-22,DSS1,UVA001,Date_Time,CGM_Value,SID
MD-334,Dexcom G5,,,DSS1-49408,cgm_tracing,csv,,2017-10-27,2018-01-20,DSS1,UVA001,Date_Time,CGM_Value,SID
MD-335,Dexcom G5,,,DSS1-49409,cgm_tracing,csv,,2017-10-13,2018-01-22,DSS1,UVA001,Date_Time,CGM_Value,SID
MD-336,Dexcom G5,,,DSS1-49410,cgm_tracing,csv,,2017-10-18,2018-01-12,DSS1,UVA001,Date_Time,CGM_Value,SID
MD-337,Dexcom G5,,,DSS1-49411,cgm_tracing,csv,,2017-10-27,2018-01-22,DSS1,UVA001,Date_Time,CGM_Value,SID
MD-338,Dexcom G5,,,DSS1-49412,cgm_tracing,csv,,2017-11-01,2018-01-04,DSS1,UVA001,Date_Time,CGM_Value,SID
MD-339,Dexcom G5,,,DSS1-49413,cgm_tracing,csv,,2017-11-08,2018-02-23,DSS1,UVA001,Date_Time,CGM_Value,SID
MD-340,Dexcom G5,,,DSS1-49414,cgm_tracing,csv,,2017-11-01,2018-01-26,DSS1,UVA001,Date_Time,CGM_Value,SID
MD-341,Dexcom G5,,,DSS1-49415,cgm_tracing,csv,,2017-11-13,2018-02-01,DSS1,UVA001,Date_Time,CGM_Value,SID
MD-342,Dexcom G5,,,DSS1-49416,cgm_tracing,csv,,2018-01-12,2018-04-17,DSS1,UVA001,Date_Time,CGM_Value,SID
MD-343,Dexcom G5,,,DSS1-49418,cgm_tracing,csv,,2018-02-03,2018-05-03,DSS1,UVA001,Date_Time,CGM_Value,SID
MD-344,Dexcom G5,,,DSS1-49419,cgm_tracing,csv,,2018-02-05,2018-05-15,DSS1,UVA001,Date_Time,CGM_Value,SID
MD-345,Dexcom G5,,,DSS1-49420,cgm_tracing,csv,,2018-03-14,2018-06-08,DSS1,UVA001,Date_Time,CGM_Value,SID
MD-346,Dexcom G5,,,DSS1-49421,cgm_tracing,csv,,2018-03-21,2018-06-17,DSS1,UVA001,Date_Time,CGM_Value,SID
MD-347,Dexcom G5,,,DSS1-49422,cgm_tracing,csv,,2018-04-03,2018-05-04,DSS1,UVA001,Date_Time,CGM_Value,SID
MD-348,Dexcom G5,,,DSS1-49423,cgm_tracing,csv,,2018-04-25,2018-07-05,DSS1,UVA001,Date_Time,CGM_Value,SID
MD-349,Dexcom G5,,,DSS1-49424,cgm_tracing,csv,,2018-07-03,2018-09-28,DSS1,UVA001,Date_Time,CGM_Value,SID
MD-350,Dexcom G5,,,DSS1-49425,cgm_tracing,csv,,2018-09-15,2018-12-13,DSS1,UVA001,Date_Time,CGM_Value,SID
MD-351,Dexcom G5,,,DSS1-49701,cgm_tracing,csv,,2017-09-15,2017-12-19,DSS1,UVA001,Date_Time,CGM_Value,SID
MD-352,Dexcom G5,,,DSS1-49702,cgm_tracing,csv,,2017-09-27,2017-12-15,DSS1,UVA001,Date_Time,CGM_Value,SID
MD-353,Dexcom G5,,,DSS1-49703,cgm_tracing,csv,,2017-09-25,2017-12-21,DSS1,UVA001,Date_Time,CGM_Value,SID
MD-354,Dexcom G5,,,DSS1-49704,cgm_tracing,csv,,2017-09-29,2017-12-05,DSS1,UVA001,Date_Time,CGM_Value,SID
MD-355,Dexcom G5,,,DSS1-49705,cgm_tracing,csv,,2017-10-04,2018-01-25,DSS1,UVA001,Date_Time,CGM_Value,SID
MD-356,Dexcom G5,,,DSS1-49706,cgm_tracing,csv,,2017-10-12,2018-01-08,DSS1,UVA001,Date_Time,CGM_Value,SID
MD-357,Dexcom G5,,,DSS1-49707,cgm_tracing,csv,,2017-10-27,2018-01-02,DSS1,UVA001,Date_Time,CGM_Value,SID
MD-358,Dexcom G5,,,DSS1-49708,cgm_tracing,csv,,2017-10-31,2017-11-06,DSS1,UVA001,Date_Time,CGM_Value,SID
MD-359,Dexcom G5,,,DSS1-49709,cgm_tracing,csv,,2017-10-31,2018-01-28,DSS1,UVA001,Date_Time,CGM_Value,SID
MD-360,Dexcom G5,,,DSS1-49710,cgm_tracing,csv,,2017-11-10,2018-02-02,DSS1,UVA001,Date_Time,CGM_Value,SID
MD-361,Dexcom G5,,,DSS1-49711,cgm_tracing,csv,,2017-11-15,2018-02-05,DSS1,UVA001,Date_Time,CGM_Value,SID
MD-362,Dexcom G5,,,DSS1-49712,cgm_tracing,csv,,2017-11-22,2018-02-19,DSS1,UVA001,Date_Time,CGM_Value,SID
MD-363,Dexcom G5,,,DSS1-49713,cgm_tracing,csv,,2018-01-12,2018-04-09,DSS1,UVA001,Date_Time,CGM_Value,SID
MD-364,Dexcom G5,,,DSS1-49714,cgm_tracing,csv,,2018-01-19,2018-04-16,DSS1,UVA001,Date_Time,CGM_Value,SID
MD-365,Dexcom G5,,,DSS1-49715,cgm_tracing,csv,,2018-02-14,2018-05-09,DSS1,UVA001,Date_Time,CGM_Value,SID
MD-366,Dexcom G5,,,DSS1-49716,cgm_tracing,csv,,2018-02-23,2018-05-25,DSS1,UVA001,Date_Time,CGM_Value,SID
MD-367,Dexcom G5,,,DSS1-49717,cgm_tracing,csv,,2018-03-09,2018-06-06,DSS1,UVA001,Date_Time,CGM_Value,SID
MD-368,Dexcom G5,,,DSS1-49718,cgm_tracing,csv,,2018-03-28,2018-06-19,DSS1,UVA001,Date_Time,CGM_Value,SID
MD-369,Dexcom G5,,,DSS1-49719,cgm_tracing,csv,,2018-03-28,2018-06-19,DSS1,UVA001,Date_Time,CGM_Value,SID
MD-370,Dexcom G5,,,DSS1-49720,cgm_tracing,csv,,2018-04-11,2018-06-20,DSS1,UVA001,Date_Time,CGM_Value,SID
MD-371,Dexcom G5,,,DSS1-49721,cgm_tracing,csv,,2018-04-27,2018-07-03,DSS1,UVA001,Date_Time,CGM_Value,SID
MD-372,Dexcom G5,,,DSS1-49722,cgm_tracing,csv,,2018-04-26,2018-07-24,DSS1,UVA001,Date_Time,CGM_Value,SID
MD-373,Dexcom G5,,,DSS1-49724,cgm_tracing,csv,,2018-05-30,2018-08-24,DSS1,UVA001,Date_Time,CGM_Value,SID
MD-374,Dexcom G5,,,DSS1-49725,cgm_tracing,csv,,2018-05-23,2018-08-16,DSS1,UVA001,Date_Time,CGM_Value,SID
MD-375,Dexcom G5,,,DSS1-49726,cgm_tracing,csv,,2018-05-30,2018-08-22,DSS1,UVA001,Date_Time,CGM_Value,SID
MD-376,Dexcom G5,,,DSS1-49727,cgm_tracing,csv,,2018-06-06,2018-08-30,DSS1,UVA001,Date_Time,CGM_Value,SID
MD-377,Dexcom G5,,,DSS1-49728,cgm_tracing,csv,,2018-06-14,2018-09-10,DSS1,UVA001,Date_Time,CGM_Value,SID
MD-378,Dexcom G5,,,DSS1-49729,cgm_tracing,csv,,2018-06-20,2018-09-08,DSS1,UVA001,Date_Time,CGM_Value,SID
MD-379,Dexcom G5,,,DSS1-49730,cgm_tracing,csv,,2018-06-28,2018-09-24,DSS1,UVA001,Date_Time,CGM_Value,SID
MD-380,Dexcom G5,,,DSS1-49731,cgm_tracing,csv,,2018-07-05,2018-09-26,DSS1,UVA001,Date_Time,CGM_Value,SID